FID	IID
693	694
686	687
690	691
688	689
689	690
683	684
692	693
691	692
687	688
684	685
682	683
685	686
827	828
829	830
830	831
823	824
826	827
843	844
842	843
824	825
825	826
831	832
832	833
847	848
997	998
845	846
985	986
834	835
851	852
835	836
850	851
849	850
846	847
989	990
836	837
848	849
990	991
811	812
995	996
998	999
812	813
999	1000
986	987
994	995
991	992
810	811
852	853
996	997
993	994
992	993
1001	1002
1004	1005
1003	1004
859	860
1000	1001
988	989
854	855
858	859
857	858
856	857
1002	1003
853	854
987	988
855	856
803	804
890	891
864	865
861	862
891	892
804	805
863	864
860	861
1005	1006
1006	1007
1007	1008
802	803
1008	1009
1009	1010
805	806
893	894
1012	1013
1010	1011
892	893
807	808
1014	1015
809	810
1011	1012
806	807
808	809
899	900
1022	1023
900	901
1018	1019
896	897
1020	1021
898	899
1016	1017
1019	1020
901	902
1023	1024
1015	1016
1021	1022
894	895
1032	1033
1026	1027
905	906
902	903
903	904
1027	1028
904	905
1025	1026
1028	1029
1030	1031
1029	1030
1024	1025
1033	1034
1031	1032
1037	1038
1040	1041
1036	1037
1038	1039
912	913
908	909
1039	1040
911	912
907	908
910	911
1035	1036
909	910
1034	1035
906	907
868	869
915	916
917	918
872	873
1042	1043
871	872
694	695
867	868
914	915
1041	1042
916	917
704	705
662	663
702	703
661	662
696	697
700	701
663	664
695	696
664	665
701	702
699	700
697	698
877	878
879	880
884	885
876	877
882	883
878	879
883	884
873	874
880	881
885	886
881	882
874	875
875	876
376	377
379	380
378	379
888	889
889	890
886	887
371	372
887	888
370	371
373	374
372	373
377	378
374	375
303	304
297	298
296	297
301	302
302	303
295	296
304	305
299	300
380	381
293	294
298	299
305	306
294	295
316	317
315	316
313	314
306	307
310	311
314	315
307	308
292	293
309	310
318	319
311	312
312	313
308	309
320	321
1047	1048
322	323
326	327
1048	1049
1045	1046
321	322
325	326
1043	1044
1044	1045
323	324
319	320
1046	1047
324	325
1054	1055
1051	1052
1050	1051
1056	1057
1049	1050
1052	1053
327	328
332	333
331	332
333	334
1055	1056
330	331
1057	1058
1053	1054
920	921
923	924
1059	1060
1058	1059
1065	1066
1064	1065
1060	1061
1063	1064
334	335
921	922
924	925
922	923
1061	1062
759	760
755	756
770	771
760	761
758	759
761	762
756	757
762	763
1062	1063
753	754
291	292
754	755
757	758
769	770
766	767
772	773
767	768
774	775
771	772
776	777
764	765
791	792
786	787
788	789
782	783
783	784
790	791
789	790
781	782
780	781
784	785
787	788
779	780
709	710
708	709
670	671
667	668
705	706
669	670
668	669
666	667
707	708
706	707
711	712
665	666
405	406
456	457
457	458
458	459
453	454
454	455
446	447
406	407
455	456
459	460
443	444
433	434
447	448
450	451
432	433
464	465
452	453
451	452
431	432
462	463
463	464
448	449
460	461
461	462
364	365
361	362
365	366
363	364
435	436
367	368
436	437
360	361
438	439
366	367
434	435
439	440
441	442
425	426
357	358
424	425
359	360
356	357
423	424
426	427
428	429
358	359
429	430
422	423
399	400
1073	1074
419	420
417	418
415	416
368	369
418	419
396	397
416	417
394	395
1072	1073
395	396
398	399
442	443
388	389
414	415
347	348
412	413
390	391
1071	1072
389	390
402	403
387	388
400	401
410	411
413	414
494	495
342	343
1070	1071
329	330
404	405
498	499
335	336
497	498
328	329
409	410
411	412
490	491
339	340
408	409
487	488
488	489
489	490
421	422
340	341
337	338
486	487
338	339
554	555
558	559
752	753
485	486
348	349
393	394
559	560
391	392
496	497
552	553
866	867
515	516
561	562
392	393
516	517
98	98
751	752
517	518
503	504
563	564
680	681
716	717
673	674
681	682
674	675
672	673
677	678
719	720
671	672
676	677
678	679
715	716
679	680
675	676
481	482
102	102
483	484
383	384
480	481
479	480
382	383
369	370
478	479
484	485
482	483
381	382
99	99
101	101
532	533
539	540
104	104
540	541
530	531
533	534
528	529
105	105
529	530
531	532
527	528
538	539
537	538
542	543
545	546
524	525
546	547
507	508
534	535
536	537
543	544
521	522
544	545
541	542
535	536
514	515
555	556
547	548
510	511
112	112
513	514
512	513
511	512
549	550
509	510
1068	1069
550	551
551	552
466	467
467	468
569	570
471	472
469	470
599	600
570	571
525	526
472	473
600	601
468	469
110	110
109	109
571	572
106	106
107	107
572	573
116	116
108	108
111	111
474	475
473	474
117	117
114	114
574	575
603	604
575	576
1074	1075
573	574
605	606
1076	1077
548	549
621	622
604	605
606	607
1075	1076
612	613
614	615
608	609
609	610
610	611
618	619
613	614
620	621
616	617
619	620
617	618
615	616
637	638
578	579
622	623
576	577
504	505
636	637
577	578
470	471
638	639
623	624
508	509
970	971
721	722
718	719
743	744
737	738
717	718
740	741
739	740
968	969
736	737
971	972
720	721
722	723
738	739
639	640
645	646
651	652
652	653
526	527
650	651
640	641
647	648
641	642
579	580
649	650
648	649
646	647
587	588
584	585
588	589
624	625
580	581
585	586
586	587
583	584
589	590
581	582
625	626
644	645
582	583
590	591
345	346
591	592
594	595
634	635
628	629
630	631
629	630
635	636
595	596
627	628
344	345
592	593
626	627
593	594
385	386
386	387
353	354
346	347
658	659
354	355
351	352
653	654
654	655
655	656
350	351
52	52
657	658
659	660
633	634
596	597
597	598
465	466
660	661
40	40
349	350
113	113
352	353
43	43
632	633
39	39
42	42
93	93
49	49
92	92
48	48
75	75
53	53
89	89
47	47
57	57
90	90
58	58
50	50
51	51
60	60
276	277
55	55
96	96
63	63
97	97
95	95
286	287
1077	1078
64	64
61	61
54	54
56	56
86	86
287	288
72	72
70	70
1078	1079
85	85
1081	1082
71	71
1080	1081
87	87
163	163
88	88
1079	1080
84	84
173	174
169	170
154	154
165	166
168	169
156	156
167	168
164	165
172	173
170	171
175	176
171	172
166	167
142	142
137	137
140	140
141	141
25	25
27	27
138	138
46	46
134	134
139	139
28	28
972	973
973	974
714	715
969	970
977	978
726	727
976	977
974	975
724	725
975	976
723	724
978	979
979	980
725	726
178	179
153	153
149	149
150	150
148	148
145	145
177	178
152	152
146	146
144	144
151	151
176	177
147	147
288	289
656	657
83	83
81	81
82	82
79	79
180	181
77	77
45	45
289	290
78	78
355	356
278	279
44	44
284	285
69	69
68	68
282	283
283	284
65	65
66	66
290	291
279	280
280	281
181	182
281	282
125	125
130	130
121	121
122	122
131	131
123	123
129	129
128	128
126	126
132	132
120	120
119	119
133	133
127	127
188	189
187	188
29	29
189	190
33	33
1	1
35	35
185	186
38	38
30	30
36	36
186	187
184	185
4	4
161	161
159	159
182	183
183	184
124	124
190	191
160	160
191	192
158	158
252	253
244	245
6	6
8	8
243	244
7	7
250	251
251	252
248	249
242	243
255	256
247	248
11	11
236	237
223	224
10	10
232	233
229	230
224	225
233	234
230	231
9	9
226	227
209	210
213	214
212	213
207	208
211	212
206	207
246	247
208	209
237	238
238	239
214	215
239	240
816	817
982	983
981	982
732	733
980	981
735	736
731	732
727	728
819	820
813	814
838	839
734	735
217	218
12	12
210	211
221	222
215	216
222	223
220	221
219	220
13	13
17	17
18	18
262	263
15	15
23	23
256	257
258	259
257	258
260	261
16	16
19	19
259	260
274	275
270	271
273	274
269	270
275	276
266	267
24	24
263	264
272	273
264	265
267	268
271	272
934	935
933	934
926	927
929	930
935	936
930	931
932	933
927	928
937	938
944	945
947	948
943	944
945	946
949	950
938	939
939	940
941	942
950	951
942	943
946	947
940	941
955	956
962	963
957	958
953	954
956	957
960	961
954	955
958	959
951	952
959	960
952	953
961	962
476	477
384	385
560	561
500	501
501	502
522	523
519	520
477	478
475	476
520	521
491	492
557	558
197	198
196	197
241	242
240	241
192	193
198	199
202	203
201	202
200	201
194	195
204	205
203	204
199	200
747	748
746	747
748	749
818	819
729	730
749	750
984	985
742	743
745	746
744	745
733	734
839	840
983	984
730	731
794	795
822	823
750	751
796	797
815	816
840	841
797	798
814	815
799	800
800	801
821	822
801	802
795	796
798	799
